"","item","group1","vars","n","mean","sd","median","trimmed","mad","min","max","range","skew","kurtosis","se"
"X11","1","""Bad""",1,51,6.48701960784314,14.5628305895388,4.524,4.42131707317073,2.2446564,0,107.407,107.407,6.51617007384657,42.2258234556166,2.03920416416051
"X12","2","""Good""",1,1221,3.82016134316134,2.56742318882268,3.48,3.60427737973388,2.379573,0,23.95,23.95,1.2935536996888,4.47105293722589,0.073475005530858
