"","Df","Sum Sq","Mean Sq","F value","Pr(>F)"
"BADGOOD",1,1798.05766328742,1798.05766328742,3.31878682792193,0.0687274823202354
"Residuals",1270,688062.641795184,541.781607712743,NA,NA
