"","Df","Sum Sq","Mean Sq","F value","Pr(>F)"
"BADGOOD",1,348.175813117904,348.175813117904,23.7151172843831,1.25748821570233e-06
"Residuals",1270,18645.6291721958,14.6815977733825,NA,NA
