"","Df","Sum Sq","Mean Sq","F value","Pr(>F)"
"BADGOOD",1,6816633.23478264,6816633.23478264,14.935927234222,0.000116844423590895
"Residuals",1270,579617460.129176,456391.700889115,NA,NA
