"","item","group1","vars","n","mean","sd","median","trimmed","mad","min","max","range","skew","kurtosis","se"
"X11","1","""Bad""",1,51,418.888921568627,2537.33385154734,0.487,6.879,24.789072,-525,17930,18455,6.45655181366863,41.49814812626,355.297805885183
"X12","2","""Good""",1,1221,45.7370712530713,459.609872358597,10,17.5341893551689,31.4518764,-5500,8300,13800,5.80944562730185,139.282366003868,13.1532028146362
