"","item","group1","vars","n","mean","sd","median","trimmed","mad","min","max","range","skew","kurtosis","se"
"X11","1","""Bad""",1,51,26.9123137254902,23.8290306193854,22.537,23.8218780487805,20.9521032,0,95.888,95.888,1.0342876222935,0.501760628629318,3.3367316998019
"X12","2","""Good""",1,1221,20.8518976248976,23.2532653582562,12.832,16.6643152507677,17.5954968,0,101.529,101.529,1.42110388117161,1.45493850970964,0.665466374319008
