"","ROE","EBITDAON","ROI","ROA","V89A","ROS","ASSETSTU","INVENTOR","RECEIVAB","V94A","V95A","PAYABLES","COMMERCI","IEONEBIT","NIEONEBI","IEONLIAB","IEONFINA.","EXTRIC","TAXESONG","INTANGIB","TRADERE.","V110A","EQUITYON","TRADEPA.","DEBTEQU","CURRENT","QUICKRA","SALESONV","SALESMIN","ROAMINUS","EBITDAIE","EQUILIABL","DEBTEQUTR","ROETR"
"1",-13.7057827068448,-3.8442851104939,-4.73319316724992,-3.7535406052076,-3.39221437832913,-2.15258296035806,-0.348370525675059,-6.04682054549465,-0.361582114713608,13.7326841049232,34.4506294709389,3.68908240638675,51.379515911414,8.96519027824589,6.67286118073215,0.695961002465078,0.107022719449226,0.00323992139959406,0.033435991405363,0.451867610926435,-5.81881760369996,4.19396821366526,-17.7360514484979,-9.32252276340512,-0.0367243360705407,-0.042424224872232,-0.150736643281166,-0.400304278192195,-2.06408352755432,-4.44379993976757,-3.18854669023957,-0.042822225687841,2.43136854692396,-14.0912663013466
"2",-14.1887670452758,-2.49290674015505,-3.43408831128566,-2.49046499158957,-2.77120322665268,-1.51853927050053,-0.362190607107725,-4.2075921531819,-0.309418832514356,20.6556969474165,39.9256540920716,11.0051899325376,47.3861031914894,12.0724004872245,9.06361095045305,0.766559358974359,-0.180104838709678,0.00323348694316494,0.039439755490625,0.554764111141626,-4.29064590458596,5.41446589065657,-15.2207371650589,-9.09134797912974,-0.601993458393459,-0.062001595744681,-0.126560341108093,-0.793370889487875,-0.995892086941756,-3.2646679540765,-2.24860062437986,-0.052140349787339,2.69504740834387,-13.5340350186897
"3",-9.312,-2.481,-2.893,-1.708,-2.611,-1.4915,-0.372,-3.815,-0.5725,35.5245,23.357,8.059,43.008,14.841,9.337,0.924,-0.501,0,-0.0987769948,1.633,-3.917,6.059,-17.8915,-8.072,1.542,-0.0659999999999999,-0.102,0,-0.842,-2.275,-1.2345659007,-0.0251515386,3.05,-13
